path,size,md5,sha256
.INDEX.md,1950,d6d3160d964ae8a67b3d559e78fcc955,fab839b09296b14ee7aae74cd6dbc693e8012b3fea5beb0572d0aee81fae15fe
AGENTS.md,3043,b7a77341985237ab18b26a1bf4c6b097,d994b035a6e27041f58fead7c64b9a491e647709fc6af8ffd9d067a59dcffbc5
FILELISTS/included_wiki_v2.2.2_file_hashes.csv,2290,b872958d8a6e1bd0229e9a40db7d9475,bd8d0af8f5f8dfb935b5c45f31e54a801b73c66b74128c5c8244a26a7be11353
FILELISTS/included_wiki_v2.3.0_file_hashes.csv,2540,31f7e1db93fba7dae93e5e096a1cab32,6d5924b637cc4b27b51faca2438639d27629b29c5007a1f6a0026ae5eba6daff
Gemfile,75,2884a2fbc47e1b3d6ad0dcf8c6e767aa,26da693552a83ea23673a628ba7d82697a95062a42b088392a08097f5c66c13e
MANIFEST.json,873,ea8c409bf5020e72d7c3c2101316505f,8721ba2245923fc6bd1af85bd1d3deb00f6f244e0aef48b8673f1878da898956
README.md,1396,6509a8af1a0b2b369e325020f39ddc81,d8d4f492b25dbf5be133855b762f7bb74f2d5f9deed256924eb985ca2bfe3e7d
REBUILD_NOTES_v2.2.2.md,459,79466656c2ba7857c9615afabfbd829f,d326ce211da8c7de96fd6b148f4c1975d3942cd82a404a892bb63facd1c79c3b
TOC1.md,1884,49cfb985e149022f879d778c6b615436,d694004c5e27dafd82e1920a28c858cb5105327f7af620e8206ae8384ae310b4
TOC2.md,1971,739e69b968e30e1a5b14bd016d2f4be8,02446769e46afdba1f329afbb025bcb403b25a7fcdef63592858c271ea36ed2f
TOC3.md,1271,f8fe0d27c9338bea51b5b34940f1b563,fcbf13f35870e912b0e47783f5df9960cd23bd61c2af275145e8c207f872d92a
VALIDATION.md,1855,42f85a75f681787c55cdf5f1d9521e6c,0b3d2cc7faf46cdbe10c9b48ab2a1fd12bf31fa891ad5ee3ccdafe327de613b6
_config.yml,402,634ab49bcd336433b06db21720ba5f58,8bb67a29de12115e20fe72eefd92a49a2018affeb0859860377cd3190ccd0fae
_layouts/default.html,1895,373ae1687f658fad41681a55959c2d57,894ca78676d7150945bdc9df40392e507aea4667b65a36349cf3fa1c98f6872b
assets/css/site.css,4658,f0c3c25a37f946859b641ce5b6a1e53f,f009f5da118a436f51685dc479c8da27327ddf2dbf6135f2863738c1506ddee0
assets/js/site.js,409,37dc2b2ed9f83d4ab5c89b9612a5090c,9e1ef1682f32649da7e7470cbcb9a8c5a6123d00c742322922c576458ede8774
docs/api-reference.md,5772,532d5079b494185806611f89a56a8483,759e8dfee38b2dbe6e9108024dfcb8bfb42b9b73b7adcc86b45a98b10518c7fa
docs/architecture.md,2003,62e60058105777e1581c1b118ec96495,631f6e5ed5ef5c8838fa5afd0ff3afeb766ee9539086b739118ab4a00b328f39
docs/preservation.md,1337,00eb1f2b82dbb89f92b5519827f4426f,4089640d67c1c24ca01f526fc09a6c98e09f10786b52fe9ba1e26cc6a23b6ef1
docs/project-family-routing.md,2082,a8b8fa7f125df819af80165e3761a600,79446460bae80eb4d48534134aeb7ee90b26d7357d9269da0aed98c7bf2b6d6e
docs/repository-map.md,1171,7dc1e6ecd103d51f0e3932577e0a0d12,8bdf46b897574186e05507b804e3303b1cc5e79406898c97de022c2356e3b1b7
docs/scanner-import-canonical.md,1304,87903b33190ffd4d91fc6e62a65ea06a,7d2aec527a9988ffc605c21d8a40e2094fa45e08da40557ad4c0e7694047f319
index.md,2163,b0c40ac01bcc96721d742b963732e256,cf10913648212b4bdb99ff5386da0c61eae158755d302019d17558d86845a204
